stadium_name,week_number,average_temperature
Acrisure Stadium,1,1.7
Acrisure Stadium,2,1.33
Acrisure Stadium,3,-6.94
Acrisure Stadium,4,5.51
Acrisure Stadium,5,3.21
Acrisure Stadium,6,5.49
Acrisure Stadium,7,0.23
Acrisure Stadium,8,2.44
Acrisure Stadium,9,7.41
Acrisure Stadium,10,10.47
Acrisure Stadium,11,10.01
Acrisure Stadium,12,2.14
Acrisure Stadium,13,8.09
Acrisure Stadium,14,8.5
Acrisure Stadium,15,14.13
Acrisure Stadium,16,14.01
Acrisure Stadium,17,12.76
Acrisure Stadium,18,18.96
Acrisure Stadium,19,15.81
Acrisure Stadium,20,18.6
Acrisure Stadium,21,21.77
Acrisure Stadium,22,17.31
Acrisure Stadium,23,20.91
Acrisure Stadium,24,19.91
Acrisure Stadium,25,27.07
Acrisure Stadium,26,23.51
Acrisure Stadium,27,23.91
Acrisure Stadium,28,26.01
Acrisure Stadium,29,23.8
Acrisure Stadium,30,23.21
Acrisure Stadium,31,24.59
Acrisure Stadium,32,23.36
Acrisure Stadium,33,21.8
Acrisure Stadium,34,19.37
Acrisure Stadium,35,24.87
Acrisure Stadium,36,17.81
Acrisure Stadium,37,20.81
Acrisure Stadium,38,21.4
Acrisure Stadium,39,20.8
Acrisure Stadium,40,17.47
Acrisure Stadium,41,13.69
Acrisure Stadium,42,9.81
Acrisure Stadium,43,12.8
Acrisure Stadium,44,13.79
Acrisure Stadium,45,14.17
Acrisure Stadium,46,8.41
Acrisure Stadium,47,8.2
Acrisure Stadium,48,2.34
Acrisure Stadium,49,-0.49
Acrisure Stadium,50,1.91
Acrisure Stadium,51,1.69
Acrisure Stadium,52,5.41
Allegiant Stadium,1,8.79
Allegiant Stadium,2,4.63
Allegiant Stadium,3,9.99
Allegiant Stadium,4,10.23
Allegiant Stadium,5,11.23
Allegiant Stadium,6,6.87
Allegiant Stadium,7,10.7
Allegiant Stadium,8,12.3
Allegiant Stadium,9,13.1
Allegiant Stadium,10,12.44
Allegiant Stadium,11,12.33
Allegiant Stadium,12,15.26
Allegiant Stadium,13,14.19
Allegiant Stadium,14,13.89
Allegiant Stadium,15,19.14
Allegiant Stadium,16,22.16
Allegiant Stadium,17,21.43
Allegiant Stadium,18,22.41
Allegiant Stadium,19,20.73
Allegiant Stadium,20,28.07
Allegiant Stadium,21,25.19
Allegiant Stadium,22,29.83
Allegiant Stadium,23,33.71
Allegiant Stadium,24,32.91
Allegiant Stadium,25,31.9
Allegiant Stadium,26,35.41
Allegiant Stadium,27,36.01
Allegiant Stadium,28,37.53
Allegiant Stadium,29,36.11
Allegiant Stadium,30,36.27
Allegiant Stadium,31,34.3
Allegiant Stadium,32,35.76
Allegiant Stadium,33,33.44
Allegiant Stadium,34,31.61
Allegiant Stadium,35,31.91
Allegiant Stadium,36,33.44
Allegiant Stadium,37,30.0
Allegiant Stadium,38,24.51
Allegiant Stadium,39,30.29
Allegiant Stadium,40,31.1
Allegiant Stadium,41,28.04
Allegiant Stadium,42,22.3
Allegiant Stadium,43,22.09
Allegiant Stadium,44,15.57
Allegiant Stadium,45,13.09
Allegiant Stadium,46,12.17
Allegiant Stadium,47,10.84
Allegiant Stadium,48,10.8
Allegiant Stadium,49,11.59
Allegiant Stadium,50,7.33
Allegiant Stadium,51,11.34
Allegiant Stadium,52,10.4
Arrowhead Stadium,1,0.73
Arrowhead Stadium,2,-6.87
Arrowhead Stadium,3,-10.3
Arrowhead Stadium,4,1.47
Arrowhead Stadium,5,7.16
Arrowhead Stadium,6,6.7
Arrowhead Stadium,7,2.79
Arrowhead Stadium,8,9.46
Arrowhead Stadium,9,9.21
Arrowhead Stadium,10,9.2
Arrowhead Stadium,11,12.3
Arrowhead Stadium,12,6.44
Arrowhead Stadium,13,10.87
Arrowhead Stadium,14,11.51
Arrowhead Stadium,15,15.56
Arrowhead Stadium,16,15.2
Arrowhead Stadium,17,16.34
Arrowhead Stadium,18,17.89
Arrowhead Stadium,19,19.16
Arrowhead Stadium,20,19.89
Arrowhead Stadium,21,21.64
Arrowhead Stadium,22,20.96
Arrowhead Stadium,23,23.31
Arrowhead Stadium,24,25.07
Arrowhead Stadium,25,27.37
Arrowhead Stadium,26,26.8
Arrowhead Stadium,27,24.57
Arrowhead Stadium,28,26.03
Arrowhead Stadium,29,24.3
Arrowhead Stadium,30,26.04
Arrowhead Stadium,31,28.49
Arrowhead Stadium,32,23.06
Arrowhead Stadium,33,25.04
Arrowhead Stadium,34,23.77
Arrowhead Stadium,35,26.46
Arrowhead Stadium,36,20.39
Arrowhead Stadium,37,22.4
Arrowhead Stadium,38,24.71
Arrowhead Stadium,39,18.91
Arrowhead Stadium,40,20.86
Arrowhead Stadium,41,19.04
Arrowhead Stadium,42,13.04
Arrowhead Stadium,43,16.6
Arrowhead Stadium,44,17.4
Arrowhead Stadium,45,12.17
Arrowhead Stadium,46,10.63
Arrowhead Stadium,47,8.53
Arrowhead Stadium,48,0.26
Arrowhead Stadium,49,0.76
Arrowhead Stadium,50,2.36
Arrowhead Stadium,51,2.16
Arrowhead Stadium,52,6.2
AT&T Stadium,1,8.28
AT&T Stadium,2,5.71
AT&T Stadium,3,-1.87
AT&T Stadium,4,7.77
AT&T Stadium,5,13.39
AT&T Stadium,6,12.8
AT&T Stadium,7,9.39
AT&T Stadium,8,16.33
AT&T Stadium,9,15.74
AT&T Stadium,10,16.23
AT&T Stadium,11,17.47
AT&T Stadium,12,14.53
AT&T Stadium,13,15.87
AT&T Stadium,14,18.87
AT&T Stadium,15,18.86
AT&T Stadium,16,20.29
AT&T Stadium,17,20.76
AT&T Stadium,18,22.67
AT&T Stadium,19,23.33
AT&T Stadium,20,22.99
AT&T Stadium,21,26.81
AT&T Stadium,22,24.49
AT&T Stadium,23,27.17
AT&T Stadium,24,26.67
AT&T Stadium,25,28.6
AT&T Stadium,26,31.47
AT&T Stadium,27,30.71
AT&T Stadium,28,28.73
AT&T Stadium,29,29.3
AT&T Stadium,30,26.21
AT&T Stadium,31,31.09
AT&T Stadium,32,30.8
AT&T Stadium,33,32.56
AT&T Stadium,34,32.2
AT&T Stadium,35,29.01
AT&T Stadium,36,24.66
AT&T Stadium,37,25.51
AT&T Stadium,38,29.09
AT&T Stadium,39,23.37
AT&T Stadium,40,25.13
AT&T Stadium,41,25.26
AT&T Stadium,42,19.61
AT&T Stadium,43,24.26
AT&T Stadium,44,23.2
AT&T Stadium,45,17.87
AT&T Stadium,46,16.41
AT&T Stadium,47,14.9
AT&T Stadium,48,10.86
AT&T Stadium,49,9.34
AT&T Stadium,50,12.2
AT&T Stadium,51,11.66
AT&T Stadium,52,14.29
Bank of America Stadium,1,5.81
Bank of America Stadium,2,6.19
Bank of America Stadium,3,0.64
Bank of America Stadium,4,11.23
Bank of America Stadium,5,6.17
Bank of America Stadium,6,8.3
Bank of America Stadium,7,8.76
Bank of America Stadium,8,7.21
Bank of America Stadium,9,10.69
Bank of America Stadium,10,12.9
Bank of America Stadium,11,13.34
Bank of America Stadium,12,10.47
Bank of America Stadium,13,12.67
Bank of America Stadium,14,14.34
Bank of America Stadium,15,16.39
Bank of America Stadium,16,20.36
Bank of America Stadium,17,16.06
Bank of America Stadium,18,21.1
Bank of America Stadium,19,20.6
Bank of America Stadium,20,19.37
Bank of America Stadium,21,23.03
Bank of America Stadium,22,21.99
Bank of America Stadium,23,24.23
Bank of America Stadium,24,25.09
Bank of America Stadium,25,26.34
Bank of America Stadium,26,28.33
Bank of America Stadium,27,27.51
Bank of America Stadium,28,27.9
Bank of America Stadium,29,26.71
Bank of America Stadium,30,25.31
Bank of America Stadium,31,26.64
Bank of America Stadium,32,25.27
Bank of America Stadium,33,24.67
Bank of America Stadium,34,22.19
Bank of America Stadium,35,26.31
Bank of America Stadium,36,21.44
Bank of America Stadium,37,21.43
Bank of America Stadium,38,21.39
Bank of America Stadium,39,22.63
Bank of America Stadium,40,21.33
Bank of America Stadium,41,17.03
Bank of America Stadium,42,12.73
Bank of America Stadium,43,16.4
Bank of America Stadium,44,16.53
Bank of America Stadium,45,16.99
Bank of America Stadium,46,11.51
Bank of America Stadium,47,10.43
Bank of America Stadium,48,8.54
Bank of America Stadium,49,2.64
Bank of America Stadium,50,8.29
Bank of America Stadium,51,8.23
Bank of America Stadium,52,6.34
Caesars Superdome,1,11.83
Caesars Superdome,2,12.26
Caesars Superdome,3,5.7
Caesars Superdome,4,16.26
Caesars Superdome,5,13.29
Caesars Superdome,6,16.26
Caesars Superdome,7,12.47
Caesars Superdome,8,15.17
Caesars Superdome,9,17.9
Caesars Superdome,10,19.27
Caesars Superdome,11,18.79
Caesars Superdome,12,15.39
Caesars Superdome,13,18.59
Caesars Superdome,14,20.19
Caesars Superdome,15,20.64
Caesars Superdome,16,22.57
Caesars Superdome,17,21.4
Caesars Superdome,18,24.13
Caesars Superdome,19,26.31
Caesars Superdome,20,25.47
Caesars Superdome,21,26.67
Caesars Superdome,22,26.47
Caesars Superdome,23,27.63
Caesars Superdome,24,28.36
Caesars Superdome,25,27.21
Caesars Superdome,26,28.61
Caesars Superdome,27,28.84
Caesars Superdome,28,28.01
Caesars Superdome,29,27.29
Caesars Superdome,30,26.86
Caesars Superdome,31,29.46
Caesars Superdome,32,30.63
Caesars Superdome,33,30.06
Caesars Superdome,34,29.23
Caesars Superdome,35,27.26
Caesars Superdome,36,25.97
Caesars Superdome,37,25.1
Caesars Superdome,38,26.47
Caesars Superdome,39,25.99
Caesars Superdome,40,25.51
Caesars Superdome,41,23.53
Caesars Superdome,42,19.77
Caesars Superdome,43,21.31
Caesars Superdome,44,24.06
Caesars Superdome,45,24.91
Caesars Superdome,46,21.2
Caesars Superdome,47,17.3
Caesars Superdome,48,15.43
Caesars Superdome,49,11.87
Caesars Superdome,50,15.44
Caesars Superdome,51,13.99
Caesars Superdome,52,16.41
Empower Field at Mile High,1,-1.44
Empower Field at Mile High,2,-8.39
Empower Field at Mile High,3,-10.2
Empower Field at Mile High,4,-1.66
Empower Field at Mile High,5,0.83
Empower Field at Mile High,6,-4.19
Empower Field at Mile High,7,-4.61
Empower Field at Mile High,8,1.87
Empower Field at Mile High,9,3.44
Empower Field at Mile High,10,1.39
Empower Field at Mile High,11,1.49
Empower Field at Mile High,12,3.7
Empower Field at Mile High,13,1.71
Empower Field at Mile High,14,7.86
Empower Field at Mile High,15,9.93
Empower Field at Mile High,16,7.27
Empower Field at Mile High,17,10.71
Empower Field at Mile High,18,11.23
Empower Field at Mile High,19,9.67
Empower Field at Mile High,20,15.46
Empower Field at Mile High,21,13.74
Empower Field at Mile High,22,18.6
Empower Field at Mile High,23,22.56
Empower Field at Mile High,24,22.91
Empower Field at Mile High,25,22.0
Empower Field at Mile High,26,25.27
Empower Field at Mile High,27,22.6
Empower Field at Mile High,28,24.73
Empower Field at Mile High,29,22.81
Empower Field at Mile High,30,24.43
Empower Field at Mile High,31,26.6
Empower Field at Mile High,32,22.69
Empower Field at Mile High,33,23.01
Empower Field at Mile High,34,23.74
Empower Field at Mile High,35,22.67
Empower Field at Mile High,36,20.57
Empower Field at Mile High,37,20.89
Empower Field at Mile High,38,17.7
Empower Field at Mile High,39,18.96
Empower Field at Mile High,40,17.06
Empower Field at Mile High,41,16.36
Empower Field at Mile High,42,13.99
Empower Field at Mile High,43,12.07
Empower Field at Mile High,44,7.4
Empower Field at Mile High,45,0.46
Empower Field at Mile High,46,0.99
Empower Field at Mile High,47,2.51
Empower Field at Mile High,48,-1.7
Empower Field at Mile High,49,1.54
Empower Field at Mile High,50,0.26
Empower Field at Mile High,51,2.43
Empower Field at Mile High,52,3.14
EverBank Stadium,1,13.46
EverBank Stadium,2,12.9
EverBank Stadium,3,8.87
EverBank Stadium,4,18.57
EverBank Stadium,5,12.0
EverBank Stadium,6,13.7
EverBank Stadium,7,14.5
EverBank Stadium,8,12.31
EverBank Stadium,9,17.37
EverBank Stadium,10,19.13
EverBank Stadium,11,18.36
EverBank Stadium,12,16.34
EverBank Stadium,13,18.99
EverBank Stadium,14,18.07
EverBank Stadium,15,20.24
EverBank Stadium,16,23.53
EverBank Stadium,17,20.61
EverBank Stadium,18,24.27
EverBank Stadium,19,25.69
EverBank Stadium,20,25.43
EverBank Stadium,21,25.16
EverBank Stadium,22,26.81
EverBank Stadium,23,28.07
EverBank Stadium,24,28.11
EverBank Stadium,25,27.63
EverBank Stadium,26,28.26
EverBank Stadium,27,28.29
EverBank Stadium,28,28.47
EverBank Stadium,29,27.93
EverBank Stadium,30,27.77
EverBank Stadium,31,27.83
EverBank Stadium,32,27.27
EverBank Stadium,33,27.44
EverBank Stadium,34,26.0
EverBank Stadium,35,26.93
EverBank Stadium,36,25.86
EverBank Stadium,37,25.11
EverBank Stadium,38,24.54
EverBank Stadium,39,26.43
EverBank Stadium,40,25.36
EverBank Stadium,41,22.09
EverBank Stadium,42,18.46
EverBank Stadium,43,21.46
EverBank Stadium,44,22.49
EverBank Stadium,45,24.19
EverBank Stadium,46,20.5
EverBank Stadium,47,16.0
EverBank Stadium,48,14.71
EverBank Stadium,49,9.64
EverBank Stadium,50,15.37
EverBank Stadium,51,15.09
EverBank Stadium,52,15.11
Ford Field,1,0.08
Ford Field,2,-1.27
Ford Field,3,-11.26
Ford Field,4,0.81
Ford Field,5,0.26
Ford Field,6,3.43
Ford Field,7,-1.53
Ford Field,8,1.61
Ford Field,9,5.19
Ford Field,10,7.33
Ford Field,11,8.16
Ford Field,12,-0.53
Ford Field,13,5.31
Ford Field,14,5.77
Ford Field,15,12.24
Ford Field,16,10.71
Ford Field,17,11.21
Ford Field,18,16.7
Ford Field,19,13.57
Ford Field,20,17.83
Ford Field,21,21.81
Ford Field,22,17.13
Ford Field,23,19.64
Ford Field,24,19.96
Ford Field,25,26.53
Ford Field,26,21.77
Ford Field,27,22.37
Ford Field,28,23.5
Ford Field,29,22.49
Ford Field,30,22.17
Ford Field,31,25.1
Ford Field,32,21.01
Ford Field,33,21.77
Ford Field,34,18.96
Ford Field,35,24.16
Ford Field,36,17.53
Ford Field,37,21.27
Ford Field,38,21.87
Ford Field,39,19.26
Ford Field,40,17.17
Ford Field,41,13.1
Ford Field,42,9.54
Ford Field,43,12.36
Ford Field,44,13.49
Ford Field,45,13.59
Ford Field,46,8.41
Ford Field,47,6.84
Ford Field,48,1.26
Ford Field,49,-0.76
Ford Field,50,-0.53
Ford Field,51,-0.23
Ford Field,52,3.46
Gillette Stadium,1,0.67
Gillette Stadium,2,2.19
Gillette Stadium,3,-5.51
Gillette Stadium,4,1.61
Gillette Stadium,5,-0.83
Gillette Stadium,6,1.36
Gillette Stadium,7,-1.47
Gillette Stadium,8,-1.34
Gillette Stadium,9,4.3
Gillette Stadium,10,5.69
Gillette Stadium,11,6.07
Gillette Stadium,12,2.2
Gillette Stadium,13,5.51
Gillette Stadium,14,4.04
Gillette Stadium,15,10.49
Gillette Stadium,16,9.4
Gillette Stadium,17,8.04
Gillette Stadium,18,11.43
Gillette Stadium,19,12.34
Gillette Stadium,20,13.43
Gillette Stadium,21,18.71
Gillette Stadium,22,17.83
Gillette Stadium,23,19.29
Gillette Stadium,24,18.86
Gillette Stadium,25,23.3
Gillette Stadium,26,22.24
Gillette Stadium,27,22.67
Gillette Stadium,28,25.53
Gillette Stadium,29,25.33
Gillette Stadium,30,22.19
Gillette Stadium,31,24.37
Gillette Stadium,32,21.66
Gillette Stadium,33,20.4
Gillette Stadium,34,19.19
Gillette Stadium,35,20.53
Gillette Stadium,36,17.86
Gillette Stadium,37,18.43
Gillette Stadium,38,17.29
Gillette Stadium,39,15.91
Gillette Stadium,40,14.9
Gillette Stadium,41,11.73
Gillette Stadium,42,9.37
Gillette Stadium,43,13.5
Gillette Stadium,44,11.2
Gillette Stadium,45,11.2
Gillette Stadium,46,6.89
Gillette Stadium,47,7.19
Gillette Stadium,48,2.74
Gillette Stadium,49,-0.2
Gillette Stadium,50,1.86
Gillette Stadium,51,0.36
Gillette Stadium,52,-2.17
Hard Rock Stadium,1,18.97
Hard Rock Stadium,2,21.66
Hard Rock Stadium,3,20.34
Hard Rock Stadium,4,22.73
Hard Rock Stadium,5,16.76
Hard Rock Stadium,6,18.61
Hard Rock Stadium,7,21.33
Hard Rock Stadium,8,16.71
Hard Rock Stadium,9,21.01
Hard Rock Stadium,10,23.37
Hard Rock Stadium,11,23.06
Hard Rock Stadium,12,21.8
Hard Rock Stadium,13,22.2
Hard Rock Stadium,14,22.63
Hard Rock Stadium,15,23.04
Hard Rock Stadium,16,23.83
Hard Rock Stadium,17,22.67
Hard Rock Stadium,18,24.41
Hard Rock Stadium,19,27.0
Hard Rock Stadium,20,28.29
Hard Rock Stadium,21,27.11
Hard Rock Stadium,22,27.8
Hard Rock Stadium,23,27.33
Hard Rock Stadium,24,25.91
Hard Rock Stadium,25,26.76
Hard Rock Stadium,26,26.57
Hard Rock Stadium,27,27.7
Hard Rock Stadium,28,27.64
Hard Rock Stadium,29,28.34
Hard Rock Stadium,30,27.87
Hard Rock Stadium,31,27.43
Hard Rock Stadium,32,27.96
Hard Rock Stadium,33,27.76
Hard Rock Stadium,34,27.09
Hard Rock Stadium,35,26.73
Hard Rock Stadium,36,27.7
Hard Rock Stadium,37,27.2
Hard Rock Stadium,38,26.19
Hard Rock Stadium,39,27.76
Hard Rock Stadium,40,26.49
Hard Rock Stadium,41,25.47
Hard Rock Stadium,42,24.83
Hard Rock Stadium,43,24.36
Hard Rock Stadium,44,25.37
Hard Rock Stadium,45,25.93
Hard Rock Stadium,46,24.34
Hard Rock Stadium,47,20.67
Hard Rock Stadium,48,21.87
Hard Rock Stadium,49,18.46
Hard Rock Stadium,50,22.29
Hard Rock Stadium,51,20.87
Hard Rock Stadium,52,21.7
Highmark Stadium,1,0.47
Highmark Stadium,2,0.89
Highmark Stadium,3,-7.59
Highmark Stadium,4,1.54
Highmark Stadium,5,0.69
Highmark Stadium,6,3.1
Highmark Stadium,7,-1.94
Highmark Stadium,8,0.24
Highmark Stadium,9,5.5
Highmark Stadium,10,8.5
Highmark Stadium,11,6.19
Highmark Stadium,12,-1.67
Highmark Stadium,13,4.44
Highmark Stadium,14,5.44
Highmark Stadium,15,11.26
Highmark Stadium,16,9.49
Highmark Stadium,17,9.9
Highmark Stadium,18,15.67
Highmark Stadium,19,13.07
Highmark Stadium,20,17.57
Highmark Stadium,21,20.41
Highmark Stadium,22,16.27
Highmark Stadium,23,18.74
Highmark Stadium,24,17.77
Highmark Stadium,25,25.09
Highmark Stadium,26,20.49
Highmark Stadium,27,22.09
Highmark Stadium,28,23.09
Highmark Stadium,29,21.34
Highmark Stadium,30,21.8
Highmark Stadium,31,23.73
Highmark Stadium,32,20.79
Highmark Stadium,33,21.1
Highmark Stadium,34,17.93
Highmark Stadium,35,21.96
Highmark Stadium,36,16.96
Highmark Stadium,37,19.43
Highmark Stadium,38,21.01
Highmark Stadium,39,19.47
Highmark Stadium,40,16.6
Highmark Stadium,41,11.6
Highmark Stadium,42,9.2
Highmark Stadium,43,12.11
Highmark Stadium,44,12.46
Highmark Stadium,45,12.54
Highmark Stadium,46,7.04
Highmark Stadium,47,7.13
Highmark Stadium,48,2.3
Highmark Stadium,49,-0.96
Highmark Stadium,50,-0.59
Highmark Stadium,51,-1.46
Highmark Stadium,52,1.61
Huntington Bank Field,1,1.36
Huntington Bank Field,2,0.67
Huntington Bank Field,3,-6.77
Huntington Bank Field,4,2.24
Huntington Bank Field,5,0.87
Huntington Bank Field,6,3.23
Huntington Bank Field,7,-1.01
Huntington Bank Field,8,1.47
Huntington Bank Field,9,4.53
Huntington Bank Field,10,5.94
Huntington Bank Field,11,6.66
Huntington Bank Field,12,0.5
Huntington Bank Field,13,5.31
Huntington Bank Field,14,5.67
Huntington Bank Field,15,10.41
Huntington Bank Field,16,10.11
Huntington Bank Field,17,11.09
Huntington Bank Field,18,14.81
Huntington Bank Field,19,13.27
Huntington Bank Field,20,16.4
Huntington Bank Field,21,20.24
Huntington Bank Field,22,17.23
Huntington Bank Field,23,19.44
Huntington Bank Field,24,19.47
Huntington Bank Field,25,24.59
Huntington Bank Field,26,21.87
Huntington Bank Field,27,22.69
Huntington Bank Field,28,23.4
Huntington Bank Field,29,22.76
Huntington Bank Field,30,22.36
Huntington Bank Field,31,24.59
Huntington Bank Field,32,21.93
Huntington Bank Field,33,22.4
Huntington Bank Field,34,19.81
Huntington Bank Field,35,23.74
Huntington Bank Field,36,18.6
Huntington Bank Field,37,20.87
Huntington Bank Field,38,21.33
Huntington Bank Field,39,20.44
Huntington Bank Field,40,18.49
Huntington Bank Field,41,14.89
Huntington Bank Field,42,11.66
Huntington Bank Field,43,13.79
Huntington Bank Field,44,13.97
Huntington Bank Field,45,14.37
Huntington Bank Field,46,9.41
Huntington Bank Field,47,8.41
Huntington Bank Field,48,2.97
Huntington Bank Field,49,0.9
Huntington Bank Field,50,1.07
Huntington Bank Field,51,1.36
Huntington Bank Field,52,4.16
Lambeau Field,1,-1.68
Lambeau Field,2,-4.4
Lambeau Field,3,-15.69
Lambeau Field,4,-0.01
Lambeau Field,5,0.0
Lambeau Field,6,1.27
Lambeau Field,7,-2.51
Lambeau Field,8,0.54
Lambeau Field,9,2.76
Lambeau Field,10,2.73
Lambeau Field,11,5.83
Lambeau Field,12,-1.5
Lambeau Field,13,2.9
Lambeau Field,14,2.81
Lambeau Field,15,11.13
Lambeau Field,16,8.3
Lambeau Field,17,9.71
Lambeau Field,18,13.51
Lambeau Field,19,13.46
Lambeau Field,20,15.94
Lambeau Field,21,17.19
Lambeau Field,22,16.01
Lambeau Field,23,18.76
Lambeau Field,24,19.64
Lambeau Field,25,22.47
Lambeau Field,26,20.39
Lambeau Field,27,19.81
Lambeau Field,28,22.97
Lambeau Field,29,21.41
Lambeau Field,30,20.91
Lambeau Field,31,24.73
Lambeau Field,32,18.99
Lambeau Field,33,21.11
Lambeau Field,34,19.31
Lambeau Field,35,22.14
Lambeau Field,36,16.76
Lambeau Field,37,21.19
Lambeau Field,38,21.01
Lambeau Field,39,16.91
Lambeau Field,40,15.57
Lambeau Field,41,11.7
Lambeau Field,42,10.76
Lambeau Field,43,11.93
Lambeau Field,44,11.64
Lambeau Field,45,10.13
Lambeau Field,46,6.91
Lambeau Field,47,5.56
Lambeau Field,48,-3.21
Lambeau Field,49,-2.5
Lambeau Field,50,-4.57
Lambeau Field,51,-3.96
Lambeau Field,52,-0.81
Levi's Stadium,1,9.37
Levi's Stadium,2,8.71
Levi's Stadium,3,12.09
Levi's Stadium,4,13.04
Levi's Stadium,5,12.69
Levi's Stadium,6,9.14
Levi's Stadium,7,11.71
Levi's Stadium,8,12.41
Levi's Stadium,9,10.8
Levi's Stadium,10,11.01
Levi's Stadium,11,12.83
Levi's Stadium,12,12.71
Levi's Stadium,13,11.53
Levi's Stadium,14,11.03
Levi's Stadium,15,13.74
Levi's Stadium,16,14.97
Levi's Stadium,17,14.83
Levi's Stadium,18,14.06
Levi's Stadium,19,17.41
Levi's Stadium,20,16.5
Levi's Stadium,21,16.27
Levi's Stadium,22,18.14
Levi's Stadium,23,20.17
Levi's Stadium,24,19.36
Levi's Stadium,25,19.13
Levi's Stadium,26,20.53
Levi's Stadium,27,24.54
Levi's Stadium,28,21.74
Levi's Stadium,29,20.37
Levi's Stadium,30,21.97
Levi's Stadium,31,19.56
Levi's Stadium,32,19.9
Levi's Stadium,33,20.06
Levi's Stadium,34,20.03
Levi's Stadium,35,20.66
Levi's Stadium,36,20.67
Levi's Stadium,37,18.73
Levi's Stadium,38,17.73
Levi's Stadium,39,20.36
Levi's Stadium,40,26.96
Levi's Stadium,41,21.03
Levi's Stadium,42,18.34
Levi's Stadium,43,17.33
Levi's Stadium,44,13.74
Levi's Stadium,45,14.86
Levi's Stadium,46,11.11
Levi's Stadium,47,12.84
Levi's Stadium,48,9.71
Levi's Stadium,49,11.96
Levi's Stadium,50,10.17
Levi's Stadium,51,10.64
Levi's Stadium,52,13.23
Lincoln Financial Field,1,3.52
Lincoln Financial Field,2,5.26
Lincoln Financial Field,3,-4.33
Lincoln Financial Field,4,4.94
Lincoln Financial Field,5,3.34
Lincoln Financial Field,6,4.47
Lincoln Financial Field,7,1.54
Lincoln Financial Field,8,1.73
Lincoln Financial Field,9,7.9
Lincoln Financial Field,10,8.43
Lincoln Financial Field,11,11.96
Lincoln Financial Field,12,4.51
Lincoln Financial Field,13,7.84
Lincoln Financial Field,14,7.91
Lincoln Financial Field,15,14.43
Lincoln Financial Field,16,13.29
Lincoln Financial Field,17,11.96
Lincoln Financial Field,18,18.11
Lincoln Financial Field,19,16.6
Lincoln Financial Field,20,17.0
Lincoln Financial Field,21,22.16
Lincoln Financial Field,22,20.37
Lincoln Financial Field,23,23.53
Lincoln Financial Field,24,22.71
Lincoln Financial Field,25,27.76
Lincoln Financial Field,26,26.49
Lincoln Financial Field,27,26.71
Lincoln Financial Field,28,28.14
Lincoln Financial Field,29,26.89
Lincoln Financial Field,30,25.07
Lincoln Financial Field,31,26.87
Lincoln Financial Field,32,25.11
Lincoln Financial Field,33,23.26
Lincoln Financial Field,34,20.49
Lincoln Financial Field,35,24.46
Lincoln Financial Field,36,19.23
Lincoln Financial Field,37,20.51
Lincoln Financial Field,38,21.26
Lincoln Financial Field,39,19.71
Lincoln Financial Field,40,18.4
Lincoln Financial Field,41,15.79
Lincoln Financial Field,42,12.23
Lincoln Financial Field,43,14.84
Lincoln Financial Field,44,14.17
Lincoln Financial Field,45,14.4
Lincoln Financial Field,46,9.63
Lincoln Financial Field,47,9.17
Lincoln Financial Field,48,5.26
Lincoln Financial Field,49,1.66
Lincoln Financial Field,50,3.93
Lincoln Financial Field,51,3.5
Lincoln Financial Field,52,2.17
Lucas Oil Stadium,1,1.63
Lucas Oil Stadium,2,-1.39
Lucas Oil Stadium,3,-10.0
Lucas Oil Stadium,4,3.71
Lucas Oil Stadium,5,2.36
Lucas Oil Stadium,6,5.97
Lucas Oil Stadium,7,-0.06
Lucas Oil Stadium,8,4.2
Lucas Oil Stadium,9,7.29
Lucas Oil Stadium,10,10.26
Lucas Oil Stadium,11,10.11
Lucas Oil Stadium,12,3.19
Lucas Oil Stadium,13,10.5
Lucas Oil Stadium,14,8.43
Lucas Oil Stadium,15,14.64
Lucas Oil Stadium,16,14.4
Lucas Oil Stadium,17,13.76
Lucas Oil Stadium,18,19.87
Lucas Oil Stadium,19,17.73
Lucas Oil Stadium,20,19.27
Lucas Oil Stadium,21,22.09
Lucas Oil Stadium,22,18.43
Lucas Oil Stadium,23,21.46
Lucas Oil Stadium,24,22.03
Lucas Oil Stadium,25,27.47
Lucas Oil Stadium,26,23.99
Lucas Oil Stadium,27,23.03
Lucas Oil Stadium,28,24.56
Lucas Oil Stadium,29,23.49
Lucas Oil Stadium,30,23.11
Lucas Oil Stadium,31,24.9
Lucas Oil Stadium,32,22.91
Lucas Oil Stadium,33,22.77
Lucas Oil Stadium,34,20.47
Lucas Oil Stadium,35,25.97
Lucas Oil Stadium,36,19.1
Lucas Oil Stadium,37,21.84
Lucas Oil Stadium,38,23.33
Lucas Oil Stadium,39,19.83
Lucas Oil Stadium,40,18.54
Lucas Oil Stadium,41,16.01
Lucas Oil Stadium,42,10.31
Lucas Oil Stadium,43,13.71
Lucas Oil Stadium,44,14.79
Lucas Oil Stadium,45,14.54
Lucas Oil Stadium,46,9.46
Lucas Oil Stadium,47,7.87
Lucas Oil Stadium,48,1.34
Lucas Oil Stadium,49,-1.71
Lucas Oil Stadium,50,1.61
Lucas Oil Stadium,51,2.31
Lucas Oil Stadium,52,7.29
Lumen Field,1,5.53
Lumen Field,2,-0.04
Lumen Field,3,1.7
Lumen Field,4,8.27
Lumen Field,5,9.17
Lumen Field,6,5.34
Lumen Field,7,5.06
Lumen Field,8,7.09
Lumen Field,9,4.17
Lumen Field,10,4.46
Lumen Field,11,7.61
Lumen Field,12,9.26
Lumen Field,13,8.31
Lumen Field,14,8.4
Lumen Field,15,9.2
Lumen Field,16,9.51
Lumen Field,17,10.51
Lumen Field,18,9.76
Lumen Field,19,13.0
Lumen Field,20,12.9
Lumen Field,21,11.54
Lumen Field,22,12.46
Lumen Field,23,14.19
Lumen Field,24,13.5
Lumen Field,25,16.16
Lumen Field,26,16.51
Lumen Field,27,19.17
Lumen Field,28,22.11
Lumen Field,29,20.8
Lumen Field,30,18.06
Lumen Field,31,20.29
Lumen Field,32,19.93
Lumen Field,33,18.73
Lumen Field,34,16.87
Lumen Field,35,17.01
Lumen Field,36,18.9
Lumen Field,37,15.93
Lumen Field,38,14.64
Lumen Field,39,15.04
Lumen Field,40,12.47
Lumen Field,41,13.29
Lumen Field,42,12.6
Lumen Field,43,10.66
Lumen Field,44,9.04
Lumen Field,45,8.77
Lumen Field,46,8.8
Lumen Field,47,7.24
Lumen Field,48,5.69
Lumen Field,49,5.09
Lumen Field,50,5.59
Lumen Field,51,8.24
Lumen Field,52,8.04
M&T Bank Stadium,1,3.96
M&T Bank Stadium,2,5.24
M&T Bank Stadium,3,-4.4
M&T Bank Stadium,4,6.34
M&T Bank Stadium,5,4.29
M&T Bank Stadium,6,5.44
M&T Bank Stadium,7,3.0
M&T Bank Stadium,8,2.8
M&T Bank Stadium,9,8.27
M&T Bank Stadium,10,9.3
M&T Bank Stadium,11,12.77
M&T Bank Stadium,12,5.41
M&T Bank Stadium,13,8.47
M&T Bank Stadium,14,8.86
M&T Bank Stadium,15,15.17
M&T Bank Stadium,16,14.54
M&T Bank Stadium,17,13.21
M&T Bank Stadium,18,19.8
M&T Bank Stadium,19,17.39
M&T Bank Stadium,20,17.44
M&T Bank Stadium,21,22.11
M&T Bank Stadium,22,20.36
M&T Bank Stadium,23,23.56
M&T Bank Stadium,24,22.91
M&T Bank Stadium,25,27.2
M&T Bank Stadium,26,26.61
M&T Bank Stadium,27,26.76
M&T Bank Stadium,28,27.73
M&T Bank Stadium,29,26.8
M&T Bank Stadium,30,24.46
M&T Bank Stadium,31,26.74
M&T Bank Stadium,32,25.41
M&T Bank Stadium,33,23.31
M&T Bank Stadium,34,20.26
M&T Bank Stadium,35,24.63
M&T Bank Stadium,36,19.43
M&T Bank Stadium,37,21.01
M&T Bank Stadium,38,21.43
M&T Bank Stadium,39,20.7
M&T Bank Stadium,40,18.51
M&T Bank Stadium,41,15.81
M&T Bank Stadium,42,12.1
M&T Bank Stadium,43,14.56
M&T Bank Stadium,44,14.17
M&T Bank Stadium,45,15.01
M&T Bank Stadium,46,10.16
M&T Bank Stadium,47,9.47
M&T Bank Stadium,48,5.5
M&T Bank Stadium,49,1.57
M&T Bank Stadium,50,4.16
M&T Bank Stadium,51,3.97
M&T Bank Stadium,52,3.47
Mercedes-Benz Stadium,1,6.01
Mercedes-Benz Stadium,2,5.53
Mercedes-Benz Stadium,3,-0.6
Mercedes-Benz Stadium,4,11.06
Mercedes-Benz Stadium,5,6.74
Mercedes-Benz Stadium,6,10.1
Mercedes-Benz Stadium,7,8.66
Mercedes-Benz Stadium,8,9.3
Mercedes-Benz Stadium,9,11.61
Mercedes-Benz Stadium,10,13.9
Mercedes-Benz Stadium,11,13.69
Mercedes-Benz Stadium,12,11.2
Mercedes-Benz Stadium,13,13.76
Mercedes-Benz Stadium,14,13.71
Mercedes-Benz Stadium,15,16.2
Mercedes-Benz Stadium,16,19.26
Mercedes-Benz Stadium,17,16.83
Mercedes-Benz Stadium,18,21.24
Mercedes-Benz Stadium,19,21.43
Mercedes-Benz Stadium,20,20.16
Mercedes-Benz Stadium,21,23.7
Mercedes-Benz Stadium,22,22.3
Mercedes-Benz Stadium,23,23.96
Mercedes-Benz Stadium,24,26.71
Mercedes-Benz Stadium,25,27.74
Mercedes-Benz Stadium,26,28.36
Mercedes-Benz Stadium,27,27.77
Mercedes-Benz Stadium,28,27.13
Mercedes-Benz Stadium,29,25.51
Mercedes-Benz Stadium,30,24.06
Mercedes-Benz Stadium,31,25.63
Mercedes-Benz Stadium,32,27.23
Mercedes-Benz Stadium,33,26.36
Mercedes-Benz Stadium,34,23.87
Mercedes-Benz Stadium,35,26.84
Mercedes-Benz Stadium,36,23.6
Mercedes-Benz Stadium,37,22.01
Mercedes-Benz Stadium,38,23.79
Mercedes-Benz Stadium,39,22.94
Mercedes-Benz Stadium,40,21.69
Mercedes-Benz Stadium,41,18.49
Mercedes-Benz Stadium,42,12.77
Mercedes-Benz Stadium,43,17.94
Mercedes-Benz Stadium,44,17.96
Mercedes-Benz Stadium,45,18.4
Mercedes-Benz Stadium,46,13.47
Mercedes-Benz Stadium,47,11.11
Mercedes-Benz Stadium,48,8.63
Mercedes-Benz Stadium,49,3.46
Mercedes-Benz Stadium,50,9.13
Mercedes-Benz Stadium,51,8.2
Mercedes-Benz Stadium,52,7.46
MetLife Stadium,1,2.74
MetLife Stadium,2,4.64
MetLife Stadium,3,-4.14
MetLife Stadium,4,3.66
MetLife Stadium,5,1.97
MetLife Stadium,6,3.7
MetLife Stadium,7,-0.07
MetLife Stadium,8,0.3
MetLife Stadium,9,6.41
MetLife Stadium,10,7.17
MetLife Stadium,11,10.0
MetLife Stadium,12,3.61
MetLife Stadium,13,7.39
MetLife Stadium,14,6.57
MetLife Stadium,15,12.56
MetLife Stadium,16,11.54
MetLife Stadium,17,10.37
MetLife Stadium,18,14.99
MetLife Stadium,19,15.54
MetLife Stadium,20,16.11
MetLife Stadium,21,20.56
MetLife Stadium,22,19.86
MetLife Stadium,23,21.74
MetLife Stadium,24,20.64
MetLife Stadium,25,26.3
MetLife Stadium,26,24.77
MetLife Stadium,27,24.83
MetLife Stadium,28,26.77
MetLife Stadium,29,26.17
MetLife Stadium,30,24.36
MetLife Stadium,31,26.19
MetLife Stadium,32,23.91
MetLife Stadium,33,23.0
MetLife Stadium,34,20.79
MetLife Stadium,35,23.33
MetLife Stadium,36,18.96
MetLife Stadium,37,19.76
MetLife Stadium,38,20.36
MetLife Stadium,39,18.29
MetLife Stadium,40,17.53
MetLife Stadium,41,15.49
MetLife Stadium,42,11.71
MetLife Stadium,43,15.0
MetLife Stadium,44,14.29
MetLife Stadium,45,13.63
MetLife Stadium,46,9.56
MetLife Stadium,47,8.77
MetLife Stadium,48,4.91
MetLife Stadium,49,1.41
MetLife Stadium,50,3.29
MetLife Stadium,51,2.21
MetLife Stadium,52,-1.03
Nissan Stadium,1,4.56
Nissan Stadium,2,4.24
Nissan Stadium,3,-8.83
Nissan Stadium,4,7.94
Nissan Stadium,5,6.27
Nissan Stadium,6,10.51
Nissan Stadium,7,5.7
Nissan Stadium,8,8.51
Nissan Stadium,9,11.63
Nissan Stadium,10,13.34
Nissan Stadium,11,12.81
Nissan Stadium,12,9.39
Nissan Stadium,13,13.53
Nissan Stadium,14,12.86
Nissan Stadium,15,16.29
Nissan Stadium,16,18.54
Nissan Stadium,17,17.43
Nissan Stadium,18,21.17
Nissan Stadium,19,20.16
Nissan Stadium,20,20.01
Nissan Stadium,21,23.23
Nissan Stadium,22,21.17
Nissan Stadium,23,23.23
Nissan Stadium,24,23.51
Nissan Stadium,25,27.11
Nissan Stadium,26,27.14
Nissan Stadium,27,27.0
Nissan Stadium,28,27.09
Nissan Stadium,29,26.17
Nissan Stadium,30,24.43
Nissan Stadium,31,26.71
Nissan Stadium,32,25.79
Nissan Stadium,33,25.73
Nissan Stadium,34,23.96
Nissan Stadium,35,27.6
Nissan Stadium,36,23.46
Nissan Stadium,37,22.56
Nissan Stadium,38,24.11
Nissan Stadium,39,21.07
Nissan Stadium,40,21.5
Nissan Stadium,41,18.3
Nissan Stadium,42,11.73
Nissan Stadium,43,17.31
Nissan Stadium,44,18.6
Nissan Stadium,45,19.14
Nissan Stadium,46,13.29
Nissan Stadium,47,11.3
Nissan Stadium,48,6.7
Nissan Stadium,49,1.33
Nissan Stadium,50,8.44
Nissan Stadium,51,6.96
Nissan Stadium,52,10.44
Northwest Stadium,1,3.89
Northwest Stadium,2,5.29
Northwest Stadium,3,-4.33
Northwest Stadium,4,7.21
Northwest Stadium,5,4.17
Northwest Stadium,6,5.44
Northwest Stadium,7,3.33
Northwest Stadium,8,3.26
Northwest Stadium,9,8.43
Northwest Stadium,10,9.26
Northwest Stadium,11,12.66
Northwest Stadium,12,5.57
Northwest Stadium,13,8.43
Northwest Stadium,14,8.83
Northwest Stadium,15,15.76
Northwest Stadium,16,15.01
Northwest Stadium,17,13.34
Northwest Stadium,18,19.43
Northwest Stadium,19,17.09
Northwest Stadium,20,17.03
Northwest Stadium,21,21.93
Northwest Stadium,22,19.81
Northwest Stadium,23,23.0
Northwest Stadium,24,22.24
Northwest Stadium,25,26.93
Northwest Stadium,26,26.1
Northwest Stadium,27,26.1
Northwest Stadium,28,27.49
Northwest Stadium,29,26.36
Northwest Stadium,30,23.8
Northwest Stadium,31,26.5
Northwest Stadium,32,25.21
Northwest Stadium,33,23.29
Northwest Stadium,34,20.39
Northwest Stadium,35,24.53
Northwest Stadium,36,19.14
Northwest Stadium,37,20.43
Northwest Stadium,38,20.97
Northwest Stadium,39,20.6
Northwest Stadium,40,18.6
Northwest Stadium,41,15.61
Northwest Stadium,42,11.83
Northwest Stadium,43,14.4
Northwest Stadium,44,14.36
Northwest Stadium,45,15.13
Northwest Stadium,46,9.79
Northwest Stadium,47,9.04
Northwest Stadium,48,5.46
Northwest Stadium,49,1.14
Northwest Stadium,50,4.54
Northwest Stadium,51,4.11
Northwest Stadium,52,3.76
NRG Stadium,1,12.47
NRG Stadium,2,11.89
NRG Stadium,3,3.81
NRG Stadium,4,15.3
NRG Stadium,5,14.64
NRG Stadium,6,17.27
NRG Stadium,7,12.07
NRG Stadium,8,16.64
NRG Stadium,9,17.86
NRG Stadium,10,19.2
NRG Stadium,11,20.67
NRG Stadium,12,17.17
NRG Stadium,13,18.26
NRG Stadium,14,21.23
NRG Stadium,15,20.81
NRG Stadium,16,23.04
NRG Stadium,17,22.19
NRG Stadium,18,23.54
NRG Stadium,19,25.81
NRG Stadium,20,24.3
NRG Stadium,21,27.97
NRG Stadium,22,26.1
NRG Stadium,23,27.83
NRG Stadium,24,27.77
NRG Stadium,25,27.31
NRG Stadium,26,29.21
NRG Stadium,27,29.64
NRG Stadium,28,26.46
NRG Stadium,29,27.27
NRG Stadium,30,25.23
NRG Stadium,31,28.71
NRG Stadium,32,29.39
NRG Stadium,33,29.19
NRG Stadium,34,29.24
NRG Stadium,35,26.2
NRG Stadium,36,25.76
NRG Stadium,37,26.1
NRG Stadium,38,27.7
NRG Stadium,39,26.21
NRG Stadium,40,26.5
NRG Stadium,41,24.66
NRG Stadium,42,21.74
NRG Stadium,43,23.03
NRG Stadium,44,24.47
NRG Stadium,45,23.74
NRG Stadium,46,19.73
NRG Stadium,47,17.39
NRG Stadium,48,15.93
NRG Stadium,49,13.49
NRG Stadium,50,16.09
NRG Stadium,51,15.26
NRG Stadium,52,17.81
Paycor Stadium,1,2.63
Paycor Stadium,2,0.83
Paycor Stadium,3,-8.23
Paycor Stadium,4,5.51
Paycor Stadium,5,3.34
Paycor Stadium,6,7.39
Paycor Stadium,7,2.0
Paycor Stadium,8,5.53
Paycor Stadium,9,8.63
Paycor Stadium,10,11.56
Paycor Stadium,11,11.3
Paycor Stadium,12,4.01
Paycor Stadium,13,11.63
Paycor Stadium,14,10.04
Paycor Stadium,15,15.41
Paycor Stadium,16,16.19
Paycor Stadium,17,14.76
Paycor Stadium,18,20.99
Paycor Stadium,19,18.7
Paycor Stadium,20,19.87
Paycor Stadium,21,22.91
Paycor Stadium,22,19.36
Paycor Stadium,23,22.37
Paycor Stadium,24,22.43
Paycor Stadium,25,28.36
Paycor Stadium,26,25.43
Paycor Stadium,27,24.57
Paycor Stadium,28,25.73
Paycor Stadium,29,25.0
Paycor Stadium,30,24.33
Paycor Stadium,31,25.59
Paycor Stadium,32,24.69
Paycor Stadium,33,23.87
Paycor Stadium,34,21.43
Paycor Stadium,35,27.26
Paycor Stadium,36,20.4
Paycor Stadium,37,22.66
Paycor Stadium,38,24.51
Paycor Stadium,39,21.03
Paycor Stadium,40,19.61
Paycor Stadium,41,16.5
Paycor Stadium,42,10.83
Paycor Stadium,43,14.5
Paycor Stadium,44,15.24
Paycor Stadium,45,16.14
Paycor Stadium,46,10.49
Paycor Stadium,47,8.63
Paycor Stadium,48,3.44
Paycor Stadium,49,-0.4
Paycor Stadium,50,3.59
Paycor Stadium,51,3.54
Paycor Stadium,52,8.47
Raymond James Stadium,1,16.81
Raymond James Stadium,2,15.51
Raymond James Stadium,3,13.56
Raymond James Stadium,4,19.47
Raymond James Stadium,5,13.81
Raymond James Stadium,6,16.19
Raymond James Stadium,7,16.93
Raymond James Stadium,8,14.59
Raymond James Stadium,9,19.01
Raymond James Stadium,10,21.44
Raymond James Stadium,11,20.81
Raymond James Stadium,12,19.14
Raymond James Stadium,13,20.74
Raymond James Stadium,14,20.51
Raymond James Stadium,15,21.86
Raymond James Stadium,16,23.96
Raymond James Stadium,17,22.97
Raymond James Stadium,18,25.93
Raymond James Stadium,19,27.34
Raymond James Stadium,20,27.2
Raymond James Stadium,21,27.97
Raymond James Stadium,22,28.83
Raymond James Stadium,23,28.67
Raymond James Stadium,24,27.17
Raymond James Stadium,25,27.24
Raymond James Stadium,26,28.09
Raymond James Stadium,27,28.33
Raymond James Stadium,28,28.73
Raymond James Stadium,29,28.11
Raymond James Stadium,30,27.89
Raymond James Stadium,31,27.09
Raymond James Stadium,32,28.69
Raymond James Stadium,33,28.31
Raymond James Stadium,34,27.41
Raymond James Stadium,35,26.89
Raymond James Stadium,36,26.46
Raymond James Stadium,37,26.67
Raymond James Stadium,38,26.5
Raymond James Stadium,39,27.16
Raymond James Stadium,40,26.19
Raymond James Stadium,41,23.79
Raymond James Stadium,42,21.24
Raymond James Stadium,43,22.94
Raymond James Stadium,44,23.91
Raymond James Stadium,45,25.03
Raymond James Stadium,46,23.3
Raymond James Stadium,47,18.43
Raymond James Stadium,48,16.59
Raymond James Stadium,49,13.41
Raymond James Stadium,50,17.4
Raymond James Stadium,51,17.63
Raymond James Stadium,52,18.51
SoFi Stadium,1,11.48
SoFi Stadium,2,9.54
SoFi Stadium,3,12.56
SoFi Stadium,4,13.67
SoFi Stadium,5,12.94
SoFi Stadium,6,11.2
SoFi Stadium,7,11.89
SoFi Stadium,8,13.84
SoFi Stadium,9,13.2
SoFi Stadium,10,12.13
SoFi Stadium,11,13.4
SoFi Stadium,12,13.81
SoFi Stadium,13,12.56
SoFi Stadium,14,11.97
SoFi Stadium,15,14.3
SoFi Stadium,16,14.09
SoFi Stadium,17,15.01
SoFi Stadium,18,15.69
SoFi Stadium,19,15.39
SoFi Stadium,20,15.26
SoFi Stadium,21,15.26
SoFi Stadium,22,15.84
SoFi Stadium,23,17.57
SoFi Stadium,24,17.6
SoFi Stadium,25,19.0
SoFi Stadium,26,19.97
SoFi Stadium,27,20.19
SoFi Stadium,28,20.24
SoFi Stadium,29,20.66
SoFi Stadium,30,21.14
SoFi Stadium,31,19.29
SoFi Stadium,32,21.29
SoFi Stadium,33,21.53
SoFi Stadium,34,20.84
SoFi Stadium,35,20.11
SoFi Stadium,36,24.66
SoFi Stadium,37,21.06
SoFi Stadium,38,18.31
SoFi Stadium,39,17.6
SoFi Stadium,40,19.37
SoFi Stadium,41,17.96
SoFi Stadium,42,18.03
SoFi Stadium,43,17.39
SoFi Stadium,44,15.63
SoFi Stadium,45,15.21
SoFi Stadium,46,14.1
SoFi Stadium,47,13.14
SoFi Stadium,48,15.27
SoFi Stadium,49,12.87
SoFi Stadium,50,11.79
SoFi Stadium,51,13.64
SoFi Stadium,52,12.64
Soldier Field,1,-0.02
Soldier Field,2,-3.69
Soldier Field,3,-13.44
Soldier Field,4,1.04
Soldier Field,5,1.46
Soldier Field,6,3.24
Soldier Field,7,-0.79
Soldier Field,8,3.46
Soldier Field,9,6.09
Soldier Field,10,5.83
Soldier Field,11,7.44
Soldier Field,12,1.31
Soldier Field,13,5.81
Soldier Field,14,4.64
Soldier Field,15,12.19
Soldier Field,16,10.36
Soldier Field,17,11.97
Soldier Field,18,15.73
Soldier Field,19,14.47
Soldier Field,20,16.29
Soldier Field,21,20.07
Soldier Field,22,15.79
Soldier Field,23,20.39
Soldier Field,24,21.6
Soldier Field,25,26.66
Soldier Field,26,22.39
Soldier Field,27,22.31
Soldier Field,28,23.09
Soldier Field,29,22.04
Soldier Field,30,21.9
Soldier Field,31,24.8
Soldier Field,32,21.56
Soldier Field,33,22.29
Soldier Field,34,20.66
Soldier Field,35,25.23
Soldier Field,36,18.64
Soldier Field,37,22.31
Soldier Field,38,22.76
Soldier Field,39,17.94
Soldier Field,40,18.0
Soldier Field,41,15.64
Soldier Field,42,10.57
Soldier Field,43,12.86
Soldier Field,44,14.01
Soldier Field,45,12.74
Soldier Field,46,9.11
Soldier Field,47,7.07
Soldier Field,48,-0.86
Soldier Field,49,-2.27
Soldier Field,50,-1.3
Soldier Field,51,-0.81
Soldier Field,52,4.19
State Farm Stadium,1,9.88
State Farm Stadium,2,6.53
State Farm Stadium,3,12.33
State Farm Stadium,4,11.79
State Farm Stadium,5,13.61
State Farm Stadium,6,10.04
State Farm Stadium,7,11.69
State Farm Stadium,8,16.37
State Farm Stadium,9,17.19
State Farm Stadium,10,15.21
State Farm Stadium,11,14.99
State Farm Stadium,12,16.5
State Farm Stadium,13,16.99
State Farm Stadium,14,15.4
State Farm Stadium,15,21.37
State Farm Stadium,16,24.26
State Farm Stadium,17,24.51
State Farm Stadium,18,26.01
State Farm Stadium,19,24.59
State Farm Stadium,20,29.77
State Farm Stadium,21,27.47
State Farm Stadium,22,31.21
State Farm Stadium,23,33.73
State Farm Stadium,24,34.7
State Farm Stadium,25,34.76
State Farm Stadium,26,36.71
State Farm Stadium,27,37.46
State Farm Stadium,28,38.07
State Farm Stadium,29,36.8
State Farm Stadium,30,37.19
State Farm Stadium,31,36.91
State Farm Stadium,32,35.31
State Farm Stadium,33,35.64
State Farm Stadium,34,35.0
State Farm Stadium,35,34.99
State Farm Stadium,36,36.19
State Farm Stadium,37,33.3
State Farm Stadium,38,27.91
State Farm Stadium,39,33.66
State Farm Stadium,40,33.41
State Farm Stadium,41,31.1
State Farm Stadium,42,23.83
State Farm Stadium,43,23.77
State Farm Stadium,44,18.1
State Farm Stadium,45,14.27
State Farm Stadium,46,15.34
State Farm Stadium,47,14.6
State Farm Stadium,48,16.66
State Farm Stadium,49,16.2
State Farm Stadium,50,12.83
State Farm Stadium,51,14.39
State Farm Stadium,52,13.37
U.S. Bank Stadium,1,-2.39
U.S. Bank Stadium,2,-9.13
U.S. Bank Stadium,3,-16.06
U.S. Bank Stadium,4,-0.6
U.S. Bank Stadium,5,1.01
U.S. Bank Stadium,6,1.93
U.S. Bank Stadium,7,-4.5
U.S. Bank Stadium,8,0.07
U.S. Bank Stadium,9,2.21
U.S. Bank Stadium,10,1.01
U.S. Bank Stadium,11,6.11
U.S. Bank Stadium,12,-2.27
U.S. Bank Stadium,13,-1.23
U.S. Bank Stadium,14,4.29
U.S. Bank Stadium,15,10.47
U.S. Bank Stadium,16,7.46
U.S. Bank Stadium,17,10.23
U.S. Bank Stadium,18,11.29
U.S. Bank Stadium,19,15.6
U.S. Bank Stadium,20,17.24
U.S. Bank Stadium,21,17.0
U.S. Bank Stadium,22,16.63
U.S. Bank Stadium,23,18.8
U.S. Bank Stadium,24,20.21
U.S. Bank Stadium,25,19.77
U.S. Bank Stadium,26,20.77
U.S. Bank Stadium,27,19.84
U.S. Bank Stadium,28,23.2
U.S. Bank Stadium,29,21.21
U.S. Bank Stadium,30,23.06
U.S. Bank Stadium,31,24.26
U.S. Bank Stadium,32,17.89
U.S. Bank Stadium,33,20.99
U.S. Bank Stadium,34,21.37
U.S. Bank Stadium,35,21.67
U.S. Bank Stadium,36,17.99
U.S. Bank Stadium,37,22.26
U.S. Bank Stadium,38,22.26
U.S. Bank Stadium,39,18.16
U.S. Bank Stadium,40,15.67
U.S. Bank Stadium,41,13.7
U.S. Bank Stadium,42,11.91
U.S. Bank Stadium,43,12.81
U.S. Bank Stadium,44,10.61
U.S. Bank Stadium,45,7.1
U.S. Bank Stadium,46,5.69
U.S. Bank Stadium,47,3.23
U.S. Bank Stadium,48,-7.16
U.S. Bank Stadium,49,-4.66
U.S. Bank Stadium,50,-8.17
U.S. Bank Stadium,51,-6.1
U.S. Bank Stadium,52,0.09
